id,value
flare,
flare.angry,
flare.angry.EasternTime(US&Canada),37
flare.angry.CentralTime(US&Canada),23
flare.angry.PacificTime(US&Canada),186
flare.angry.Quito,10
flare.angry.AtlanticTime(Canada),7
flare.angry.London,18
flare.angry.Athens,6
flare.angry.Bucharest,2
flare.angry.WestCentralAfrica,2
flare.angry.CentralAmerica,1
flare.angry.NewDelhi,3
flare.angry.Hawaii,17
flare.angry.Greenland,11
flare.angry.Amsterdam,5
flare.angry.Casablanca,4
flare.angry.Arizona,3
flare.angry.Bern,2
flare.angry.Taipei,1
flare.angry.Paris,2
flare.angry.Madrid,1
flare.angry.America/New_York,2
flare.angry.Dublin,1
flare.angry.Bangkok,1
flare.angry.Monterrey,1
flare.angry.Islamabad,1
flare.angry.Alaska,1
flare.angry.MountainTime(US&Canada),4
flare.angry.Belgrade,1
flare.angry.Edinburgh,3
flare.angry.Mumbai,1
flare.angry.HongKong,1
flare.angry.KualaLumpur,1
flare.angry.Tokyo,1
flare.angry.Asia/Calcutta,1
flare.angry.Berlin,2
flare.angry.MexicoCity,1
flare.angry.Asia/Makassar,1
flare.angry.Melbourne,1
flare.angry.America/Denver,1
flare.angry.Europe/Paris,1
flare.satisfied,
flare.satisfied.PacificTime(US&Canada),272
flare.satisfied.WestCentralAfrica,1
flare.satisfied.Berlin,4
flare.satisfied.Taipei,1
flare.satisfied.Monterrey,1
flare.satisfied.CentralTime(US&Canada),5
flare.satisfied.Caracas,1
flare.satisfied.EasternTime(US&Canada),10
flare.satisfied.London,9
flare.satisfied.Riyadh,1
flare.satisfied.Jakarta,1
flare.satisfied.Casablanca,1
flare.satisfied.Alaska,1
flare.satisfied.Brussels,2
flare.satisfied.Beijing,2
flare.satisfied.America/Los_Angeles,1
flare.satisfied.Arizona,1
flare.satisfied.NewDelhi,1
flare.satisfied.AtlanticTime(Canada),3
flare.satisfied.Hawaii,3
flare.satisfied.KualaLumpur,1
flare.satisfied.Belgrade,2
flare.satisfied.Quito,2
flare.satisfied.MountainTime(US&Canada),1
flare.satisfied.HongKong,1
flare.satisfied.Amsterdam,1
flare.satisfied.Kyiv,1
flare.satisfied.Cairo,1
flare.satisfied.Seoul,1
flare.love,
flare.love.PacificTime(US&Canada),34609
flare.love.Dublin,533
flare.love.EasternTime(US&Canada),10084
flare.love.Athens,1584
flare.love.Istanbul,447
flare.love.London,4950
flare.love.InternationalDateLineWest,249
flare.love.Amsterdam,1998
flare.love.Chennai,390
flare.love.CentralTime(US&Canada),5078
flare.love.Santiago,529
flare.love.Alaska,625
flare.love.Stockholm,1026
flare.love.Bogota,178
flare.love.Caracas,219
flare.love.BuenosAires,299
flare.love.Bucharest,119
flare.love.Arizona,823
flare.love.Quito,1186
flare.love.KualaLumpur,256
flare.love.Fiji,131
flare.love.Greenland,493
flare.love.Kolkata,91
flare.love.Brasilia,893
flare.love.Paris,764
flare.love.Riyadh,122
flare.love.MountainTime(US&Canada),1285
flare.love.Islamabad,56
flare.love.AtlanticTime(Canada),1370
flare.love.Pretoria,143
flare.love.Casablanca,327
flare.love.Tokyo,540
flare.love.Baghdad,211
flare.love.Asia/Makassar,40
flare.love.Ljubljana,207
flare.love.Singapore,215
flare.love.Tijuana,155
flare.love.Berlin,337
flare.love.Madrid,885
flare.love.Belgrade,434
flare.love.Seoul,198
flare.love.Mumbai,145
flare.love.America/New_York,210
flare.love.Hawaii,686
flare.love.CentralAmerica,88
flare.love.America/Detroit,18
flare.love.Melbourne,113
flare.love.Sydney,198
flare.love.Vienna,42
flare.love.MexicoCity,474
flare.love.Moscow,76
flare.love.Beijing,268
flare.love.America/Denver,22
flare.love.Adelaide,27
flare.love.Warsaw,41
flare.love.Brisbane,495
flare.love.Edinburgh,191
flare.love.Tehran,37
flare.love.Karachi,161
flare.love.Georgetown,20
flare.love.Asia/Calcutta,77
flare.love.NewDelhi,737
flare.love.Almaty,48
flare.love.Bangkok,315
flare.love.Bern,382
flare.love.Rome,496
flare.love.America/Los_Angeles,49
flare.love.Indiana(East),57
flare.love.Ekaterinburg,50
flare.love.Jakarta,347
flare.love.Perth,43
flare.love.Urumqi,242
flare.love.Brussels,188
flare.love.HongKong,154
flare.love.Kyiv,93
flare.love.Cairo,90
flare.love.Nairobi,89
flare.love.WestCentralAfrica,99
flare.love.Taipei,55
flare.love.Mid-Atlantic,67
flare.love.Irkutsk,154
flare.love.America/Boise,6
flare.love.Riga,7
flare.love.Copenhagen,144
flare.love.Muscat,32
flare.love.Lima,48
flare.love.Wellington,48
flare.love.St.Petersburg,11
flare.love.Hanoi,100
flare.love.Budapest,25
flare.love.America/Chicago,85
flare.love.Helsinki,37
flare.love.Jerusalem,50
flare.love.Lisbon,77
flare.love.Minsk,24
flare.love.JST,25
flare.love.LaPaz,20
flare.love.Dhaka,27
flare.love.Baku,31
flare.love.Asia/Manila,6
flare.love.Europe/London,114
flare.love.Osaka,28
flare.love.Mazatlan,29
flare.love.Zagreb,17
flare.love.America/Argentina/Buenos_Aires,9
flare.love.AbuDhabi,95
flare.love.Monrovia,5
flare.love.America/Sao_Paulo,10
flare.love.UTC,36
flare.love.Volgograd,28
flare.love.SriJayawardenepura,21
flare.love.Sarajevo,49
flare.love.EST,4
flare.love.Monterrey,40
flare.love.SolomonIs.,3
flare.love.Novosibirsk,19
flare.love.Harare,44
flare.love.America/Halifax,4
flare.love.Chihuahua,6
flare.love.Europe/Zurich,1
flare.love.Auckland,32
flare.love.America/Vancouver,3
flare.love.Krasnoyarsk,23
flare.love.Prague,24
flare.love.Europe/Istanbul,2
flare.love.MidwayIsland,45
flare.love.Asia/Jakarta,48
flare.love.GMT+9,2
flare.love.Yerevan,3
flare.love.Europe/Amsterdam,2
flare.love.Bratislava,6
flare.love.Europe/Madrid,13
flare.love.Guadalajara,19
flare.love.America/Guayaquil,1
flare.love.Vilnius,14
flare.love.Azores,7
flare.love.Europe/Paris,2
flare.love.Kuwait,27
flare.love.Asia/Karachi,10
flare.love.Magadan,1
flare.love.Asia/Tokyo,11
flare.love.Kathmandu,17
flare.love.IST,2
flare.love.Asia/Dubai,1
flare.love.Saskatchewan,12
flare.love.Newfoundland,14
flare.love.America/Atikokan,3
flare.love.MarshallIs.,1
flare.love.Hobart,14
flare.love.Yakutsk,8
flare.love.Africa/Johannesburg,6
flare.love.Skopje,6
flare.love.Africa/Cairo,7
flare.love.America/Mexico_City,8
flare.love.Europe/Rome,7
flare.love.NewCaledonia,20
flare.love.EAT,2
flare.love.America/Bogota,6
flare.love.GMT+8,1
flare.love.Rangoon,2
flare.love.Africa/Lagos,12
flare.love.Australia/Sydney,7
flare.love.America/Phoenix,10
flare.love.EDT,7
flare.love.Sofia,23
flare.love.Europe/Kaliningrad,1
flare.love.America/Dawson,3
flare.love.America/Monterrey,1
flare.love.Asia/Kolkata,4
flare.love.America/Guatemala,1
flare.love.Kamchatka,4
flare.love.America/Toronto,6
flare.love.Sapporo,5
flare.love.Kiev,9
flare.love.Canberra,6
flare.love.Asia/Bangkok,1
flare.love.Europe/Moscow,1
flare.love.Europe/Stockholm,3
flare.love.Pacific/Auckland,1
flare.love.America/Dawson_Creek,2
flare.love.PDT,6
flare.love.CapeVerdeIs.,3
flare.love.GMT+7,2
flare.love.Africa/Dar_es_Salaam,1
flare.love.Tallinn,1
flare.love.Asia/Yekaterinburg,3
flare.love.Indian/Maldives,1
flare.love.Europe/Berlin,3
flare.love.Europe/Luxembourg,2
flare.love.Indian/Mauritius,1
flare.love.PST,2
flare.love.America/Regina,1
flare.love.America/Santiago,3
flare.love.Europe/Oslo,1
flare.love.Europe/Helsinki,1
flare.love.Tbilisi,1
flare.love.America/Belem,1
flare.love.Asia/Kuala_Lumpur,1
flare.love.MDT,2
flare.love.Astana,1
flare.love.Europe/Dublin,1
flare.love.Tashkent,4
flare.love.BST,4
flare.love.Asia/Colombo,2
flare.love.America/Recife,1
flare.love.America/Puerto_Rico,1
flare.love.GMT,4
flare.love.Europe/Vienna,1
flare.love.Kabul,2
flare.love.CST,2
flare.love.AST,1
flare.love.Europe/Bucharest,1
flare.love.Europe/Warsaw,1
flare.love.Darwin,2
flare.love.CDT,1
flare.love.America/Anchorage,2
flare.love.Africa/Tunis,1
flare.love.Chongqing,2
flare.love.Europe/Kiev,1
flare.love.GMT+1,1
flare.love.America/Montevideo,1
flare.love.America/Edmonton,1
flare.love.Africa/Casablanca,1
flare.love.Nuku'alofa,1
flare.love.America/Caracas,1
flare.love.Europe/Brussels,1
flare.blessed,
flare.blessed.PacificTime(US&Canada),2776
flare.blessed.EasternTime(US&Canada),1893
flare.blessed.CentralTime(US&Canada),1515
flare.blessed.AtlanticTime(Canada),471
flare.blessed.Mazatlan,8
flare.blessed.Amsterdam,194
flare.blessed.Greenland,64
flare.blessed.Indiana(East),14
flare.blessed.Santiago,55
flare.blessed.Pretoria,60
flare.blessed.Monterrey,8
flare.blessed.Hawaii,264
flare.blessed.HongKong,50
flare.blessed.Quito,557
flare.blessed.London,457
flare.blessed.Arizona,322
flare.blessed.MountainTime(US&Canada),268
flare.blessed.Alaska,157
flare.blessed.Madrid,35
flare.blessed.CentralAmerica,24
flare.blessed.Mid-Atlantic,14
flare.blessed.Brasilia,132
flare.blessed.MexicoCity,53
flare.blessed.Irkutsk,6
flare.blessed.Islamabad,26
flare.blessed.Warsaw,9
flare.blessed.Sydney,22
flare.blessed.Paris,100
flare.blessed.NewDelhi,37
flare.blessed.Beijing,210
flare.blessed.Auckland,7
flare.blessed.KualaLumpur,267
flare.blessed.Istanbul,20
flare.blessed.America/Chicago,40
flare.blessed.Lima,6
flare.blessed.Melbourne,14
flare.blessed.Seoul,7
flare.blessed.Athens,147
flare.blessed.AbuDhabi,38
flare.blessed.Rome,20
flare.blessed.BuenosAires,37
flare.blessed.America/Los_Angeles,12
flare.blessed.Taipei,18
flare.blessed.Bangkok,49
flare.blessed.Casablanca,94
flare.blessed.CapeVerdeIs.,1
flare.blessed.America/New_York,39
flare.blessed.Guadalajara,4
flare.blessed.Baghdad,346
flare.blessed.Dublin,30
flare.blessed.InternationalDateLineWest,42
flare.blessed.Caracas,15
flare.blessed.Moscow,5
flare.blessed.Edinburgh,16
flare.blessed.Singapore,60
flare.blessed.Helsinki,3
flare.blessed.Newfoundland,3
flare.blessed.Adelaide,6
flare.blessed.Tokyo,8
flare.blessed.America/El_Salvador,1
flare.blessed.CST,2
flare.blessed.Mumbai,12
flare.blessed.EDT,2
flare.blessed.Africa/Johannesburg,2
flare.blessed.America/Halifax,1
flare.blessed.PortMoresby,1
flare.blessed.Africa/Lagos,2
flare.blessed.Jakarta,113
flare.blessed.Ljubljana,19
flare.blessed.Bogota,20
flare.blessed.Dhaka,4
flare.blessed.Belgrade,22
flare.blessed.Brussels,11
flare.blessed.America/Puerto_Rico,1
flare.blessed.Tijuana,22
flare.blessed.Lisbon,8
flare.blessed.Wellington,7
flare.blessed.America/Jamaica,1
flare.blessed.Hanoi,17
flare.blessed.Asia/Calcutta,4
flare.blessed.Zagreb,4
flare.blessed.Asia/Kuala_Lumpur,6
flare.blessed.Harare,19
flare.blessed.Chennai,27
flare.blessed.Karachi,29
flare.blessed.Bern,13
flare.blessed.UTC,5
flare.blessed.Kuwait,68
flare.blessed.Nuku'alofa,3
flare.blessed.Georgetown,6
flare.blessed.WestCentralAfrica,29
flare.blessed.Asia/Dubai,1
flare.blessed.Almaty,3
flare.blessed.Asia/Kolkata,2
flare.blessed.Stockholm,10
flare.blessed.Muscat,18
flare.blessed.Berlin,13
flare.blessed.Krasnoyarsk,11
flare.blessed.Yerevan,2
flare.blessed.Monrovia,5
flare.blessed.Riyadh,317
flare.blessed.Saskatchewan,6
flare.blessed.America/Edmonton,2
flare.blessed.Copenhagen,3
flare.blessed.Brisbane,13
flare.blessed.Jerusalem,12
flare.blessed.Bucharest,15
flare.blessed.Urumqi,16
flare.blessed.Skopje,1
flare.blessed.MidwayIsland,23
flare.blessed.Guam,3
flare.blessed.Budapest,1
flare.blessed.Asia/Muscat,1
flare.blessed.Nairobi,43
flare.blessed.Bratislava,1
flare.blessed.Cairo,47
flare.blessed.Fiji,1
flare.blessed.Kyiv,36
flare.blessed.SolomonIs.,1
flare.blessed.Prague,3
flare.blessed.Minsk,19
flare.blessed.Kabul,4
flare.blessed.Atlantic/Azores,1
flare.blessed.Africa/Abidjan,1
flare.blessed.GMT,3
flare.blessed.Africa/Tunis,1
flare.blessed.Vienna,3
flare.blessed.Sarajevo,3
flare.blessed.Tashkent,1
flare.blessed.Africa/Casablanca,1
flare.blessed.Asia/Karachi,2
flare.blessed.Asia/Makassar,3
flare.blessed.Asia/Jakarta,3
flare.blessed.Africa/Cairo,1
flare.blessed.Asia/Dhaka,1
flare.blessed.GMT+3,1
flare.blessed.Europe/Istanbul,2
flare.blessed.Baku,3
flare.blessed.Asia/Bangkok,1
flare.blessed.Europe/London,4
flare.blessed.Rangoon,2
flare.blessed.Asia/Riyadh,2
flare.blessed.Asia/Tokyo,1
flare.blessed.Volgograd,2
flare.blessed.Pacific/Honolulu,1
flare.blessed.America/Detroit,4
flare.blessed.Tehran,1
flare.blessed.Perth,4
flare.blessed.Yakutsk,5
flare.blessed.GMT+8,1
flare.blessed.LaPaz,5
flare.blessed.Sofia,1
flare.blessed.CDT,3
flare.blessed.NewCaledonia,2
flare.blessed.Osaka,1
flare.blessed.America/Mexico_City,1
flare.blessed.America/Denver,3
flare.blessed.Kathmandu,1
flare.blessed.America/Vancouver,1
flare.blessed.Riga,1
flare.blessed.Africa/Dar_es_Salaam,1
flare.blessed.Novosibirsk,2
flare.blessed.Vilnius,1
flare.blessed.America/Boise,1
flare.blessed.Asia/Manila,2
flare.blessed.America/Managua,1
flare.blessed.Africa/Accra,1
flare.blessed.Chihuahua,1
flare.blessed.America/Toronto,1
flare.blessed.GMT-4,1
flare.happy,
flare.happy.EasternTime(US&Canada),1244
flare.happy.PacificTime(US&Canada),5217
flare.happy.Casablanca,94
flare.happy.Quito,201
flare.happy.Istanbul,177
flare.happy.AbuDhabi,48
flare.happy.London,822
flare.happy.Osaka,36
flare.happy.CentralTime(US&Canada),895
flare.happy.Alaska,77
flare.happy.Lisbon,52
flare.happy.Tijuana,18
flare.happy.Bern,61
flare.happy.Madrid,166
flare.happy.Tokyo,416
flare.happy.Santiago,122
flare.happy.Greenland,121
flare.happy.Jakarta,476
flare.happy.MexicoCity,77
flare.happy.Arizona,196
flare.happy.Wellington,11
flare.happy.CentralAmerica,17
flare.happy.Vienna,13
flare.happy.MountainTime(US&Canada),172
flare.happy.Brasilia,398
flare.happy.Hawaii,264
flare.happy.Chennai,74
flare.happy.AtlanticTime(Canada),217
flare.happy.Moscow,52
flare.happy.Monterrey,8
flare.happy.America/New_York,15
flare.happy.BuenosAires,116
flare.happy.Urumqi,28
flare.happy.NewDelhi,127
flare.happy.Irkutsk,116
flare.happy.Perth,17
flare.happy.Paris,198
flare.happy.Seoul,299
flare.happy.KualaLumpur,145
flare.happy.Kyiv,21
flare.happy.InternationalDateLineWest,61
flare.happy.Kuwait,28
flare.happy.Karachi,26
flare.happy.Lima,18
flare.happy.Kolkata,9
flare.happy.Taipei,40
flare.happy.Krasnoyarsk,10
flare.happy.Berlin,91
flare.happy.Singapore,84
flare.happy.Budapest,7
flare.happy.Amsterdam,333
flare.happy.HongKong,70
flare.happy.Baghdad,89
flare.happy.Bangkok,327
flare.happy.America/Chicago,23
flare.happy.Riyadh,14
flare.happy.Rome,109
flare.happy.Ljubljana,42
flare.happy.Athens,242
flare.happy.Beijing,172
flare.happy.Copenhagen,5
flare.happy.Sarajevo,4
flare.happy.Minsk,10
flare.happy.America/Sao_Paulo,19
flare.happy.Helsinki,27
flare.happy.Dublin,52
flare.happy.Sydney,43
flare.happy.Volgograd,15
flare.happy.Asia/Makassar,16
flare.happy.Nairobi,21
flare.happy.America/Los_Angeles,11
flare.happy.Brussels,42
flare.happy.Bucharest,25
flare.happy.MidwayIsland,28
flare.happy.Bogota,51
flare.happy.Caracas,56
flare.happy.Belgrade,31
flare.happy.America/Mexico_City,4
flare.happy.Hanoi,372
flare.happy.Mid-Atlantic,62
flare.happy.America/Anchorage,1
flare.happy.Asia/Calcutta,33
flare.happy.SriJayawardenepura,4
flare.happy.Mumbai,41
flare.happy.Muscat,8
flare.happy.Cairo,34
flare.happy.WestCentralAfrica,16
flare.happy.Stockholm,22
flare.happy.Europe/London,11
flare.happy.Prague,13
flare.happy.Asia/Tokyo,4
flare.happy.Almaty,1
flare.happy.Sofia,13
flare.happy.Europe/Amsterdam,1
flare.happy.Ekaterinburg,3
flare.happy.Rangoon,1
flare.happy.America/Santiago,3
flare.happy.LaPaz,3
flare.happy.America/Puerto_Rico,1
flare.happy.UTC,15
flare.happy.Georgetown,7
flare.happy.Brisbane,43
flare.happy.Tehran,4
flare.happy.Asia/Kuala_Lumpur,4
flare.happy.Europe/Madrid,1
flare.happy.Warsaw,40
flare.happy.JST,32
flare.happy.Jerusalem,10
flare.happy.Novosibirsk,48
flare.happy.BST,1
flare.happy.Edinburgh,17
flare.happy.Newfoundland,3
flare.happy.Islamabad,7
flare.happy.Skopje,4
flare.happy.America/Detroit,13
flare.happy.Tallinn,3
flare.happy.Auckland,5
flare.happy.Azores,2
flare.happy.Vilnius,2
flare.happy.Mazatlan,5
flare.happy.Indiana(East),9
flare.happy.America/Phoenix,3
flare.happy.Adelaide,5
flare.happy.Chongqing,5
flare.happy.Melbourne,36
flare.happy.Pretoria,17
flare.happy.Africa/Lagos,3
flare.happy.Sapporo,3
flare.happy.Kiev,1
flare.happy.Europe/Brussels,1
flare.happy.Zagreb,3
flare.happy.Baku,4
flare.happy.Vladivostok,3
flare.happy.America/Argentina/Buenos_Aires,1
flare.happy.Guadalajara,2
flare.happy.Bratislava,2
flare.happy.GMT+3,1
flare.happy.America/Toronto,1
flare.happy.Harare,9
flare.happy.Hobart,2
flare.happy.America/Denver,2
flare.happy.Tbilisi,2
flare.happy.Fiji,1
flare.happy.Europe/Rome,4
flare.happy.CET,1
flare.happy.Europe/Istanbul,1
flare.happy.Yerevan,3
flare.happy.Dhaka,7
flare.happy.Kabul,3
flare.happy.America/Bahia_Banderas,1
flare.happy.Yakutsk,3
flare.happy.NewCaledonia,7
flare.happy.Asia/Seoul,1
flare.happy.Asia/Jakarta,3
flare.happy.GMT+9,1
flare.happy.Astana,1
flare.happy.Asia/Colombo,1
flare.happy.Monrovia,4
flare.happy.Europe/Stockholm,1
flare.happy.Kathmandu,1
flare.happy.Tashkent,1
flare.happy.GMT+8,1
flare.happy.Asia/Brunei,1
flare.happy.Guam,1
flare.happy.GMT+7,1
flare.happy.Nuku'alofa,1
flare.happy.Asia/Manila,1
flare.happy.Australia/Sydney,1
flare.happy.EDT,1
flare.happy.Europe/Kiev,1
flare.happy.Riga,1
flare.happy.Chihuahua,1
flare.happy.MDT,1
flare.hope,
flare.hope.CentralTime(US&Canada),509
flare.hope.PacificTime(US&Canada),7511
flare.hope.London,1322
flare.hope.Madrid,32
flare.hope.EasternTime(US&Canada),788
flare.hope.Melbourne,16
flare.hope.MountainTime(US&Canada),121
flare.hope.Baghdad,10
flare.hope.Athens,35
flare.hope.Quito,77
flare.hope.AtlanticTime(Canada),222
flare.hope.Berlin,25
flare.hope.Hawaii,54
flare.hope.Tehran,5
flare.hope.Seoul,18
flare.hope.Africa/Lagos,1
flare.hope.Kyiv,5
flare.hope.Amsterdam,120
flare.hope.HongKong,24
flare.hope.NewDelhi,46
flare.hope.Tokyo,13
flare.hope.KualaLumpur,56
flare.hope.AbuDhabi,6
flare.hope.Istanbul,5
flare.hope.Brasilia,25
flare.hope.Jakarta,23
flare.hope.Karachi,4
flare.hope.Paris,20
flare.hope.Novosibirsk,8
flare.hope.Bangkok,26
flare.hope.Hanoi,26
flare.hope.InternationalDateLineWest,33
flare.hope.America/New_York,29
flare.hope.Singapore,10
flare.hope.Chennai,18
flare.hope.Greenland,20
flare.hope.Arizona,40
flare.hope.CentralAmerica,10
flare.hope.Mazatlan,6
flare.hope.Zagreb,7
flare.hope.Casablanca,58
flare.hope.America/Los_Angeles,9
flare.hope.America/Chihuahua,1
flare.hope.Rome,37
flare.hope.Copenhagen,9
flare.hope.Dublin,52
flare.hope.Caracas,13
flare.hope.Riyadh,7
flare.hope.Harare,8
flare.hope.Jerusalem,3
flare.hope.Monterrey,2
flare.hope.Alaska,17
flare.hope.Santiago,13
flare.hope.Stockholm,4
flare.hope.Bern,51
flare.hope.Beijing,14
flare.hope.Islamabad,5
flare.hope.Asia/Hong_Kong,1
flare.hope.Urumqi,1
flare.hope.Georgetown,1
flare.hope.America/Denver,1
flare.hope.Osaka,1
flare.hope.America/Chicago,13
flare.hope.Cairo,18
flare.hope.Perth,6
flare.hope.Nairobi,6
flare.hope.Brisbane,4
flare.hope.Africa/Johannesburg,1
flare.hope.Bogota,3
flare.hope.Sydney,14
flare.hope.Bucharest,7
flare.hope.Asia/Bangkok,2
flare.hope.Asia/Manila,4
flare.hope.Edinburgh,14
flare.hope.UTC,9
flare.hope.Brussels,14
flare.hope.WestCentralAfrica,5
flare.hope.Tijuana,6
flare.hope.Mid-Atlantic,4
flare.hope.Ljubljana,8
flare.hope.Vilnius,3
flare.hope.Pretoria,13
flare.hope.Europe/Stockholm,1
flare.hope.Volgograd,1
flare.hope.Kuwait,5
flare.hope.Europe/London,20
flare.hope.BuenosAires,12
flare.hope.Belgrade,6
flare.hope.Chihuahua,2
flare.hope.Mumbai,6
flare.hope.Wellington,4
flare.hope.America/Regina,1
flare.hope.Prague,1
flare.hope.MST,1
flare.hope.Auckland,10
flare.hope.MexicoCity,9
flare.hope.America/Asuncion,1
flare.hope.Kiev,2
flare.hope.Adelaide,4
flare.hope.Moscow,11
flare.hope.Newfoundland,2
flare.hope.MidwayIsland,5
flare.hope.Australia/Sydney,2
flare.hope.Kathmandu,2
flare.hope.America/Boise,1
flare.hope.America/Phoenix,2
flare.hope.Krasnoyarsk,5
flare.hope.America/Sao_Paulo,1
flare.hope.Asia/Makassar,3
flare.hope.Lisbon,4
flare.hope.Asia/Karachi,2
flare.hope.Africa/Nairobi,1
flare.hope.Riga,1
flare.hope.Sofia,2
flare.hope.Europe/Madrid,1
flare.hope.Taipei,3
flare.hope.Yerevan,1
flare.hope.Yakutsk,4
flare.hope.PortMoresby,2
flare.hope.Saskatchewan,1
flare.hope.GMT-5,1
flare.hope.Dhaka,2
flare.hope.Lima,1
flare.hope.CDT,3
flare.hope.America/Mexico_City,1
flare.hope.Indiana(East),2
flare.hope.Atlantic/Reykjavik,1
flare.hope.Warsaw,1
flare.hope.CapeVerdeIs.,1
flare.hope.Muscat,1
flare.hope.BST,1
flare.hope.America/Detroit,1
flare.hope.America/Santiago,1
flare.hope.Europe/Kaliningrad,1
flare.hope.Europe/Rome,1
flare.hope.GMT,1
flare.hope.Helsinki,2
flare.hope.Irkutsk,1
flare.hope.Asia/Jakarta,1
flare.sad,
flare.sad.MountainTime(US&Canada),78
flare.sad.AtlanticTime(Canada),87
flare.sad.PacificTime(US&Canada),1035
flare.sad.EasternTime(US&Canada),661
flare.sad.CentralTime(US&Canada),479
flare.sad.Madrid,32
flare.sad.Brasilia,46
flare.sad.London,152
flare.sad.Quito,104
flare.sad.Hawaii,33
flare.sad.Arizona,61
flare.sad.Ljubljana,7
flare.sad.Ekaterinburg,1
flare.sad.Warsaw,3
flare.sad.Tokyo,5
flare.sad.NewDelhi,28
flare.sad.NewCaledonia,4
flare.sad.HongKong,6
flare.sad.Cairo,5
flare.sad.America/Chicago,20
flare.sad.Alaska,24
flare.sad.Prague,6
flare.sad.Islamabad,12
flare.sad.Greenland,18
flare.sad.Lisbon,12
flare.sad.Dublin,9
flare.sad.Jakarta,21
flare.sad.Krasnoyarsk,3
flare.sad.Paris,32
flare.sad.Muscat,2
flare.sad.Stockholm,1
flare.sad.Brussels,10
flare.sad.Beijing,9
flare.sad.WestCentralAfrica,13
flare.sad.MexicoCity,28
flare.sad.Amsterdam,71
flare.sad.BuenosAires,38
flare.sad.Brisbane,6
flare.sad.America/New_York,30
flare.sad.Caracas,20
flare.sad.Bern,10
flare.sad.InternationalDateLineWest,15
flare.sad.Bogota,9
flare.sad.Guadalajara,5
flare.sad.Belgrade,14
flare.sad.Baghdad,2
flare.sad.Wellington,4
flare.sad.Santiago,18
flare.sad.Athens,26
flare.sad.KualaLumpur,6
flare.sad.Pretoria,3
flare.sad.Karachi,16
flare.sad.Monterrey,4
flare.sad.America/Los_Angeles,9
flare.sad.Rome,7
flare.sad.Edinburgh,4
flare.sad.Istanbul,2
flare.sad.Tijuana,8
flare.sad.MidwayIsland,5
flare.sad.Indiana(East),5
flare.sad.Asia/Calcutta,3
flare.sad.Tehran,4
flare.sad.Nairobi,9
flare.sad.Jerusalem,1
flare.sad.Casablanca,11
flare.sad.America/Vancouver,1
flare.sad.Berlin,10
flare.sad.Mid-Atlantic,17
flare.sad.America/Detroit,5
flare.sad.AbuDhabi,5
flare.sad.Bucharest,1
flare.sad.Africa/Kampala,1
flare.sad.Sydney,9
flare.sad.Taipei,2
flare.sad.Vienna,4
flare.sad.Kamchatka,1
flare.sad.Mumbai,12
flare.sad.Chennai,9
flare.sad.Kolkata,1
flare.sad.Auckland,2
flare.sad.Asia/Jakarta,1
flare.sad.Saskatchewan,1
flare.sad.Helsinki,2
flare.sad.Melbourne,9
flare.sad.Zagreb,3
flare.sad.Novosibirsk,1
flare.sad.Newfoundland,3
flare.sad.America/Mexico_City,3
flare.sad.Azores,2
flare.sad.America/Hermosillo,1
flare.sad.EST,1
flare.sad.Baku,3
flare.sad.Bangkok,5
flare.sad.CentralAmerica,5
flare.sad.America/Argentina/Buenos_Aires,2
flare.sad.Sarajevo,3
flare.sad.LaPaz,1
flare.sad.America/Toronto,5
flare.sad.Adelaide,1
flare.sad.PST,1
flare.sad.Hanoi,2
flare.sad.America/Boise,1
flare.sad.Europe/London,3
flare.sad.Kyiv,3
flare.sad.Singapore,4
flare.sad.Mazatlan,1
flare.sad.Riga,1
flare.sad.Copenhagen,2
flare.sad.Asia/Karachi,2
flare.sad.Yerevan,1
flare.sad.JST,1
flare.sad.Africa/Ceuta,1
flare.sad.Africa/Lagos,1
flare.sad.Georgetown,1
flare.sad.Rangoon,1
flare.sad.Kathmandu,1
flare.sad.Harare,2
flare.sad.Lima,2
flare.sad.GMT,2
flare.sad.Chihuahua,1
flare.sad.America/Sao_Paulo,1
flare.sad.SriJayawardenepura,1
flare.sad.Urumqi,1
flare.sad.Irkutsk,1
flare.sad.Budapest,1
flare.sunny,
flare.sunny.EasternTime(US&Canada),118
flare.sunny.PacificTime(US&Canada),283
flare.sunny.CentralTime(US&Canada),49
flare.sunny.Adelaide,1
flare.sunny.Asia/Tokyo,1
flare.sunny.Athens,20
flare.sunny.Tokyo,35
flare.sunny.Belgrade,4
flare.sunny.Hawaii,12
flare.sunny.Dublin,27
flare.sunny.Brussels,16
flare.sunny.Lisbon,3
flare.sunny.London,266
flare.sunny.Amsterdam,60
flare.sunny.Arizona,7
flare.sunny.Bern,9
flare.sunny.Bucharest,9
flare.sunny.Greenland,22
flare.sunny.Moscow,7
flare.sunny.Osaka,2
flare.sunny.Brasilia,20
flare.sunny.Pacific/Auckland,1
flare.sunny.Mumbai,8
flare.sunny.Chennai,4
flare.sunny.CentralAmerica,1
flare.sunny.Singapore,8
flare.sunny.Australia/Sydney,1
flare.sunny.Beijing,16
flare.sunny.Europe/Rome,1
flare.sunny.Berlin,18
flare.sunny.Istanbul,5
flare.sunny.Helsinki,5
flare.sunny.Paris,28
flare.sunny.Pretoria,2
flare.sunny.Kyiv,5
flare.sunny.Madrid,15
flare.sunny.Rome,20
flare.sunny.Quito,17
flare.sunny.MexicoCity,7
flare.sunny.America/Chicago,4
flare.sunny.BuenosAires,7
flare.sunny.America/Los_Angeles,4
flare.sunny.AbuDhabi,3
flare.sunny.Irkutsk,9
flare.sunny.HongKong,12
flare.sunny.Taipei,13
flare.sunny.Mid-Atlantic,3
flare.sunny.Casablanca,21
flare.sunny.Copenhagen,3
flare.sunny.UTC,2
flare.sunny.Melbourne,1
flare.sunny.AtlanticTime(Canada),10
flare.sunny.Bangkok,22
flare.sunny.America/Toronto,1
flare.sunny.MountainTime(US&Canada),14
flare.sunny.Jakarta,11
flare.sunny.Minsk,6
flare.sunny.Asia/Taipei,1
flare.sunny.Seoul,15
flare.sunny.Santiago,2
flare.sunny.Sofia,5
flare.sunny.Ljubljana,6
flare.sunny.Stockholm,5
flare.sunny.Bratislava,1
flare.sunny.Prague,3
flare.sunny.WestCentralAfrica,2
flare.sunny.KualaLumpur,4
flare.sunny.NewDelhi,8
flare.sunny.Sydney,2
flare.sunny.St.Petersburg,1
flare.sunny.Europe/Zagreb,2
flare.sunny.Edinburgh,11
flare.sunny.Warsaw,2
flare.sunny.Bogota,3
flare.sunny.Perth,2
flare.sunny.Hanoi,12
flare.sunny.Nairobi,2
flare.sunny.America/Anchorage,1
flare.sunny.Europe/London,4
flare.sunny.Skopje,1
flare.sunny.Asia/Manila,1
flare.sunny.InternationalDateLineWest,4
flare.sunny.BST,1
flare.sunny.Tijuana,1
flare.sunny.Mazatlan,1
flare.sunny.Jerusalem,1
flare.sunny.Alaska,5
flare.sunny.Asia/Karachi,1
flare.sunny.Riga,1
flare.sunny.Cairo,3
flare.sunny.Budapest,1
flare.sunny.Indiana(East),1
flare.sunny.Kathmandu,1
flare.sunny.Asia/Singapore,1
flare.sunny.Baghdad,3
flare.sunny.America/Campo_Grande,1
flare.sunny.Tallinn,1
flare.sunny.Novosibirsk,1
flare.sunny.Vienna,1
flare.sunny.Georgetown,1
flare.sunny.Vilnius,1
flare.sunny.Asia/Calcutta,1
flare.sunny.Brisbane,1
flare.sunny.Tehran,1
flare.great,
flare.great.EasternTime(US&Canada),230
flare.great.PacificTime(US&Canada),601
flare.great.CentralTime(US&Canada),136
flare.great.Hawaii,26
flare.great.Dublin,7
flare.great.Tijuana,4
flare.great.Casablanca,9
flare.great.MountainTime(US&Canada),18
flare.great.America/Edmonton,1
flare.great.Kolkata,4
flare.great.London,157
flare.great.NewDelhi,22
flare.great.WestCentralAfrica,27
flare.great.Quito,29
flare.great.Sydney,8
flare.great.Madrid,42
flare.great.Amsterdam,62
flare.great.Harare,19
flare.great.Arizona,15
flare.great.Baghdad,6
flare.great.Asia/Makassar,2
flare.great.Athens,28
flare.great.Asia/Calcutta,2
flare.great.Azores,1
flare.great.AtlanticTime(Canada),33
flare.great.Belgrade,6
flare.great.Paris,33
flare.great.America/Chicago,3
flare.great.Brisbane,1
flare.great.AbuDhabi,4
flare.great.Mumbai,6
flare.great.Tokyo,6
flare.great.Europe/London,1
flare.great.Nairobi,1
flare.great.Istanbul,6
flare.great.Brasilia,7
flare.great.Mid-Atlantic,1
flare.great.Greenland,6
flare.great.Warsaw,3
flare.great.Chennai,6
flare.great.Berlin,5
flare.great.Beijing,7
flare.great.Asia/Tokyo,1
flare.great.MidwayIsland,3
flare.great.Jakarta,7
flare.great.Santiago,1
flare.great.UTC,5
flare.great.KualaLumpur,4
flare.great.Rome,9
flare.great.Riyadh,2
flare.great.MexicoCity,7
flare.great.Bogota,4
flare.great.Cairo,9
flare.great.Brussels,4
flare.great.Moscow,4
flare.great.Saskatchewan,1
flare.great.Alaska,3
flare.great.Stockholm,3
flare.great.Islamabad,3
flare.great.Asia/Dubai,1
flare.great.America/New_York,9
flare.great.SolomonIs.,1
flare.great.BuenosAires,2
flare.great.Caracas,6
flare.great.Melbourne,2
flare.great.Jerusalem,3
flare.great.BST,1
flare.great.Indiana(East),1
flare.great.Bangkok,2
flare.great.Baku,1
flare.great.CentralAmerica,3
flare.great.Pretoria,5
flare.great.Asia/Kolkata,1
flare.great.Auckland,1
flare.great.America/Los_Angeles,2
flare.great.Fiji,1
flare.great.America/La_Paz,1
flare.great.Ljubljana,1
flare.great.Edinburgh,3
flare.great.Europe/Kaliningrad,2
flare.great.Copenhagen,1
flare.great.Seoul,2
flare.great.Bern,6
flare.great.Taipei,1
flare.great.HongKong,1
flare.great.Zagreb,1
flare.great.InternationalDateLineWest,1
flare.great.Sofia,1
flare.great.Europe/Rome,2
flare.great.Irkutsk,2
flare.great.America/Detroit,1
flare.great.Helsinki,2
flare.great.Vilnius,1
flare.great.Asia/Karachi,1
flare.great.Canberra,1
flare.great.Krasnoyarsk,1
flare.depressed,
flare.depressed.Alaska,4
flare.depressed.EasternTime(US&Canada),32
flare.depressed.PacificTime(US&Canada),87
flare.depressed.MountainTime(US&Canada),6
flare.depressed.Karachi,1
flare.depressed.Melbourne,2
flare.depressed.Casablanca,3
flare.depressed.CentralTime(US&Canada),18
flare.depressed.Paris,2
flare.depressed.London,8
flare.depressed.America/New_York,1
flare.depressed.InternationalDateLineWest,6
flare.depressed.AtlanticTime(Canada),4
flare.depressed.Hawaii,2
flare.depressed.MexicoCity,2
flare.depressed.NewDelhi,2
flare.depressed.Arizona,8
flare.depressed.WestCentralAfrica,2
flare.depressed.Prague,2
flare.depressed.Rome,1
flare.depressed.Brasilia,2
flare.depressed.Madrid,1
flare.depressed.Quito,4
flare.depressed.Singapore,1
flare.depressed.HongKong,3
flare.depressed.Sydney,1
flare.depressed.Wellington,1
flare.depressed.Amsterdam,3
flare.depressed.Bern,1
flare.depressed.Ljubljana,1
flare.depressed.Urumqi,1
flare.depressed.Dublin,1
flare.depressed.KualaLumpur,1
flare.depressed.Yerevan,1
flare.depressed.Edinburgh,1
flare.depressed.Adelaide,1
flare.depressed.Stockholm,1
flare.wonderful,
flare.wonderful.PacificTime(US&Canada),187
flare.wonderful.EasternTime(US&Canada),163
flare.wonderful.Amsterdam,15
flare.wonderful.EDT,1
flare.wonderful.Athens,19
flare.wonderful.Baghdad,3
flare.wonderful.NewDelhi,9
flare.wonderful.Osaka,1
flare.wonderful.London,88
flare.wonderful.CentralTime(US&Canada),46
flare.wonderful.Bucharest,2
flare.wonderful.Rome,22
flare.wonderful.Brasilia,7
flare.wonderful.Irkutsk,1
flare.wonderful.Casablanca,3
flare.wonderful.Madrid,10
flare.wonderful.Tokyo,3
flare.wonderful.KualaLumpur,1
flare.wonderful.Krasnoyarsk,1
flare.wonderful.Yerevan,1
flare.wonderful.Bern,2
flare.wonderful.AtlanticTime(Canada),10
flare.wonderful.Jakarta,7
flare.wonderful.Vienna,3
flare.wonderful.MountainTime(US&Canada),6
flare.wonderful.Mid-Atlantic,48
flare.wonderful.Kyiv,3
flare.wonderful.Mazatlan,1
flare.wonderful.Caracas,2
flare.wonderful.Bangkok,2
flare.wonderful.Paris,7
flare.wonderful.Alaska,2
flare.wonderful.MexicoCity,2
flare.wonderful.America/Chicago,1
flare.wonderful.BuenosAires,10
flare.wonderful.Greenland,4
flare.wonderful.Melbourne,4
flare.wonderful.Jerusalem,1
flare.wonderful.Hanoi,1
flare.wonderful.Adelaide,1
flare.wonderful.Chennai,2
flare.wonderful.Asia/Calcutta,3
flare.wonderful.WestCentralAfrica,2
flare.wonderful.Newfoundland,1
flare.wonderful.SriJayawardenepura,1
flare.wonderful.Ljubljana,1
flare.wonderful.Lisbon,1
flare.wonderful.HongKong,3
flare.wonderful.Berlin,5
flare.wonderful.Sofia,2
flare.wonderful.Belgrade,2
flare.wonderful.Istanbul,3
flare.wonderful.MidwayIsland,1
flare.wonderful.Singapore,2
flare.wonderful.Riyadh,1
flare.wonderful.Quito,5
flare.wonderful.InternationalDateLineWest,3
flare.wonderful.Santiago,1
flare.wonderful.Hawaii,8
flare.wonderful.Sydney,2
flare.wonderful.America/Toronto,1
flare.wonderful.America/New_York,1
flare.wonderful.Dublin,1
flare.wonderful.Europe/London,1
flare.wonderful.Islamabad,1
flare.wonderful.Mumbai,1
flare.wonderful.Warsaw,1
flare.wonderful.CentralAmerica,1
flare.wonderful.Arizona,2
flare.wonderful.Bogota,1
flare.wonderful.Zagreb,1
flare.wonderful.Stockholm,1
flare.wonderful.America/Detroit,1
flare.wonderful.Volgograd,1
flare.wonderful.Tehran,1
flare.wonderful.UTC,1
flare.wonderful.Lima,1
flare.wonderful.Budapest,1
flare.wonderful.Taipei,1
flare.wonderful.Africa/Nairobi,1
flare.wonderful.Cairo,1
flare.wonderful.Copenhagen,1
flare.bad,
flare.bad.Bern,170
flare.bad.Greenland,107
flare.bad.PacificTime(US&Canada),402
flare.bad.CentralTime(US&Canada),59
flare.bad.EasternTime(US&Canada),79
flare.bad.America/Los_Angeles,3
flare.bad.Stockholm,8
flare.bad.Berlin,105
flare.bad.Paris,11
flare.bad.WestCentralAfrica,47
flare.bad.InternationalDateLineWest,7
flare.bad.Hanoi,2
flare.bad.Bangkok,2
flare.bad.MountainTime(US&Canada),6
flare.bad.London,49
flare.bad.CentralAmerica,10
flare.bad.Caracas,1
flare.bad.Singapore,3
flare.bad.America/Chicago,3
flare.bad.Santiago,4
flare.bad.AtlanticTime(Canada),7
flare.bad.Rome,1
flare.bad.Athens,15
flare.bad.Casablanca,12
flare.bad.Arizona,12
flare.bad.Amsterdam,16
flare.bad.UTC,4
flare.bad.Africa/Lagos,18
flare.bad.Bucharest,2
flare.bad.CapeVerdeIs.,1
flare.bad.Melbourne,4
flare.bad.NewDelhi,11
flare.bad.America/New_York,7
flare.bad.Chennai,4
flare.bad.Baghdad,2
flare.bad.Pretoria,2
flare.bad.Tijuana,1
flare.bad.Hawaii,7
flare.bad.Quito,11
flare.bad.Copenhagen,2
flare.bad.Belgrade,19
flare.bad.Jakarta,2
flare.bad.Alaska,5
flare.bad.Beijing,1
flare.bad.Madrid,3
flare.bad.Brasilia,18
flare.bad.Baku,1
flare.bad.Mumbai,4
flare.bad.Tokyo,6
flare.bad.Tehran,1
flare.bad.Ljubljana,3
flare.bad.Asia/Manila,1
flare.bad.Brussels,2
flare.bad.Warsaw,1
flare.bad.Edinburgh,2
flare.bad.Dublin,5
flare.bad.America/Vancouver,1
flare.bad.Karachi,2
flare.bad.Istanbul,3
flare.bad.Monterrey,1
flare.bad.Europe/London,1
flare.bad.Islamabad,1
flare.bad.Mid-Atlantic,1
flare.bad.Irkutsk,2
flare.bad.Guadalajara,1
flare.bad.Cairo,2
flare.bad.AbuDhabi,1
flare.bad.Dhaka,1
flare.bad.Asia/Jakarta,1
flare.bad.Fiji,1
flare.bad.Africa/Brazzaville,1
flare.bad.Georgetown,1
flare.bad.MexicoCity,1
flare.bad.Prague,1
flare.bad.Asia/Calcutta,1
flare.bad.Brisbane,1
flare.lucky,
flare.lucky.London,81
flare.lucky.PacificTime(US&Canada),266
flare.lucky.EasternTime(US&Canada),104
flare.lucky.Paris,19
flare.lucky.Auckland,4
flare.lucky.Amsterdam,22
flare.lucky.Moscow,4
flare.lucky.Rome,3
flare.lucky.Berlin,3
flare.lucky.Madrid,8
flare.lucky.AtlanticTime(Canada),20
flare.lucky.Athens,7
flare.lucky.Irkutsk,22
flare.lucky.Casablanca,12
flare.lucky.Stockholm,2
flare.lucky.Hawaii,8
flare.lucky.MountainTime(US&Canada),14
flare.lucky.Helsinki,1
flare.lucky.Tokyo,20
flare.lucky.Mumbai,1
flare.lucky.Baghdad,6
flare.lucky.Taipei,1
flare.lucky.Arizona,13
flare.lucky.Greenland,3
flare.lucky.Bogota,2
flare.lucky.MidwayIsland,2
flare.lucky.Beijing,7
flare.lucky.Quito,9
flare.lucky.Darwin,1
flare.lucky.Edinburgh,6
flare.lucky.Indiana(East),3
flare.lucky.Bern,2
flare.lucky.CentralTime(US&Canada),47
flare.lucky.UTC,5
flare.lucky.Harare,1
flare.lucky.Sydney,4
flare.lucky.HongKong,7
flare.lucky.Chennai,5
flare.lucky.MexicoCity,3
flare.lucky.BuenosAires,6
flare.lucky.Melbourne,4
flare.lucky.Alaska,7
flare.lucky.Dublin,7
flare.lucky.Kolkata,2
flare.lucky.Europe/London,2
flare.lucky.NewDelhi,11
flare.lucky.Brasilia,17
flare.lucky.Asia/Makassar,1
flare.lucky.Prague,4
flare.lucky.Lima,1
flare.lucky.Guadalajara,1
flare.lucky.Cairo,1
flare.lucky.Singapore,6
flare.lucky.Belgrade,3
flare.lucky.Tehran,1
flare.lucky.Istanbul,1
flare.lucky.InternationalDateLineWest,4
flare.lucky.Ljubljana,2
flare.lucky.Jakarta,11
flare.lucky.America/Los_Angeles,1
flare.lucky.America/Lima,1
flare.lucky.Adelaide,2
flare.lucky.Bucharest,1
flare.lucky.America/New_York,2
flare.lucky.Hanoi,11
flare.lucky.Bangkok,12
flare.lucky.Krasnoyarsk,2
flare.lucky.KualaLumpur,9
flare.lucky.Riyadh,1
flare.lucky.Seoul,6
flare.lucky.Mid-Atlantic,5
flare.lucky.Santiago,2
flare.lucky.America/Denver,1
flare.lucky.Tijuana,1
flare.lucky.NewCaledonia,1
flare.lucky.Lisbon,1
flare.lucky.Warsaw,2
flare.lucky.Pretoria,2
flare.lucky.Novosibirsk,1
flare.lucky.Kyiv,1
flare.lucky.Asia/Katmandu,1
flare.lucky.Volgograd,1
flare.lucky.Vienna,1
flare.lucky.WestCentralAfrica,1
flare.relaxed,
flare.relaxed.EasternTime(US&Canada),22
flare.relaxed.CentralTime(US&Canada),20
flare.relaxed.Arizona,3
flare.relaxed.Muscat,2
flare.relaxed.Amsterdam,16
flare.relaxed.Kolkata,1
flare.relaxed.Edinburgh,1
flare.relaxed.PacificTime(US&Canada),51
flare.relaxed.London,17
flare.relaxed.Rome,3
flare.relaxed.Chihuahua,3
flare.relaxed.MountainTime(US&Canada),3
flare.relaxed.NewDelhi,1
flare.relaxed.Athens,2
flare.relaxed.Melbourne,1
flare.relaxed.Greenland,3
flare.relaxed.Brasilia,1
flare.relaxed.Kathmandu,1
flare.relaxed.Bangkok,1
flare.relaxed.Asia/Karachi,1
flare.relaxed.Hawaii,3
flare.relaxed.Quito,5
flare.relaxed.America/New_York,2
flare.relaxed.Copenhagen,1
flare.relaxed.Casablanca,3
flare.relaxed.Beijing,2
flare.relaxed.AtlanticTime(Canada),7
flare.relaxed.Dublin,1
flare.relaxed.Paris,1
flare.relaxed.Berlin,2
flare.relaxed.HongKong,2
flare.relaxed.Jakarta,1
flare.relaxed.UTC,1
flare.relaxed.Karachi,1
flare.relaxed.InternationalDateLineWest,3
flare.relaxed.Caracas,1
flare.relaxed.Tijuana,1
flare.relaxed.Santiago,1
flare.relaxed.BuenosAires,1
flare.relaxed.Asia/Calcutta,1
flare.relaxed.Hanoi,1
flare.relaxed.Mid-Atlantic,3
flare.relaxed.Cairo,2
flare.relaxed.Zagreb,1
flare.relaxed.Brussels,1
flare.relaxed.Madrid,1
flare.relaxed.Singapore,1
flare.relaxed.Stockholm,1
flare.optimistic,
flare.optimistic.CentralTime(US&Canada),14
flare.optimistic.EasternTime(US&Canada),64
flare.optimistic.Kyiv,123
flare.optimistic.PacificTime(US&Canada),23
flare.optimistic.MountainTime(US&Canada),5
flare.optimistic.Hawaii,1
flare.optimistic.Greenland,1
flare.optimistic.London,7
flare.optimistic.Jerusalem,1
flare.optimistic.Moscow,8
flare.optimistic.Berlin,1
flare.optimistic.AtlanticTime(Canada),2
flare.optimistic.Nairobi,1
flare.optimistic.Amsterdam,5
flare.optimistic.Tbilisi,1
flare.optimistic.Africa/Lagos,1
flare.optimistic.Arizona,3
flare.optimistic.HongKong,1
flare.optimistic.Alaska,1
flare.optimistic.Bern,2
flare.optimistic.NewDelhi,1
flare.optimistic.Beijing,4
flare.optimistic.Dublin,3
flare.optimistic.Quito,4
flare.optimistic.Kolkata,1
flare.optimistic.Islamabad,1
flare.optimistic.Singapore,1
flare.optimistic.America/Mexico_City,1
flare.optimistic.America/Chicago,1
flare.optimistic.Athens,2
flare.optimistic.Bogota,2
flare.optimistic.Harare,1
flare.optimistic.Muscat,1
flare.optimistic.WestCentralAfrica,1
flare.optimistic.Casablanca,1
flare.optimistic.Asia/Makassar,1
flare.optimistic.Jakarta,1
flare.optimistic.Baghdad,1
flare.confused,
flare.confused.London,48
flare.confused.PacificTime(US&Canada),136
flare.confused.Quito,10
flare.confused.NewDelhi,8
flare.confused.CentralTime(US&Canada),37
flare.confused.EasternTime(US&Canada),50
flare.confused.Amsterdam,9
flare.confused.KualaLumpur,3
flare.confused.Dublin,4
flare.confused.AtlanticTime(Canada),20
flare.confused.Hanoi,1
flare.confused.Bern,8
flare.confused.Tokyo,3
flare.confused.Melbourne,6
flare.confused.Casablanca,3
flare.confused.WestCentralAfrica,1
flare.confused.Greenland,3
flare.confused.Tijuana,2
flare.confused.HongKong,2
flare.confused.America/Detroit,1
flare.confused.Athens,7
flare.confused.Arizona,6
flare.confused.PST,1
flare.confused.Pretoria,3
flare.confused.UTC,2
flare.confused.Brisbane,4
flare.confused.Kolkata,1
flare.confused.Hawaii,1
flare.confused.CentralAmerica,3
flare.confused.BuenosAires,2
flare.confused.MountainTime(US&Canada),11
flare.confused.Stockholm,3
flare.confused.Africa/Harare,1
flare.confused.Jakarta,3
flare.confused.MexicoCity,1
flare.confused.Europe/London,2
flare.confused.America/New_York,3
flare.confused.America/Toronto,1
flare.confused.Beijing,3
flare.confused.Urumqi,1
flare.confused.Edinburgh,3
flare.confused.Berlin,1
flare.confused.AbuDhabi,2
flare.confused.Alaska,2
flare.confused.Mumbai,1
flare.confused.MidwayIsland,1
flare.confused.Sydney,1
flare.confused.Bucharest,1
flare.confused.InternationalDateLineWest,1
flare.confused.Brasilia,1
flare.confused.Nairobi,2
flare.confused.Brussels,2
flare.confused.Singapore,1
flare.confused.Chennai,1
flare.confused.Canberra,1
flare.frustrated,
flare.frustrated.PacificTime(US&Canada),31
flare.frustrated.AtlanticTime(Canada),4
flare.frustrated.CentralTime(US&Canada),15
flare.frustrated.Amsterdam,5
flare.frustrated.Urumqi,1
flare.frustrated.CapeVerdeIs.,1
flare.frustrated.Arizona,17
flare.frustrated.Brisbane,2
flare.frustrated.Quito,4
flare.frustrated.EasternTime(US&Canada),21
flare.frustrated.Hawaii,1
flare.frustrated.Mumbai,2
flare.frustrated.Europe/London,1
flare.frustrated.Melbourne,2
flare.frustrated.Chennai,1
flare.frustrated.London,8
flare.frustrated.Riyadh,1
flare.frustrated.Sydney,4
flare.frustrated.Greenland,1
flare.frustrated.NewDelhi,4
flare.frustrated.Beijing,1
flare.frustrated.Lisbon,1
flare.frustrated.Paris,1
flare.frustrated.MountainTime(US&Canada),3
flare.frustrated.Casablanca,2
flare.frustrated.UTC,1
flare.frustrated.Athens,1
flare.frustrated.America/New_York,1
flare.thrilled,
flare.thrilled.PacificTime(US&Canada),9
flare.thrilled.Cairo,1
flare.thrilled.Melbourne,1
flare.thrilled.NewDelhi,1
flare.thrilled.Vienna,1
flare.thrilled.London,7
flare.thrilled.EasternTime(US&Canada),3
flare.thrilled.Quito,2
flare.thrilled.Amsterdam,1
flare.thrilled.Stockholm,1
flare.thrilled.Hanoi,1
flare.thrilled.CentralTime(US&Canada),1
flare.thrilled.MountainTime(US&Canada),1
flare.thrilled.Santiago,1
flare.scared,
flare.scared.PacificTime(US&Canada),75
flare.scared.CentralTime(US&Canada),26
flare.scared.London,10
flare.scared.Arizona,3
flare.scared.Hawaii,1
flare.scared.EasternTime(US&Canada),22
flare.scared.AtlanticTime(Canada),4
flare.scared.BuenosAires,2
flare.scared.Pretoria,1
flare.scared.Amsterdam,5
flare.scared.MountainTime(US&Canada),3
flare.scared.Indian/Antananarivo,1
flare.scared.NewDelhi,2
flare.scared.Athens,6
flare.scared.Brussels,1
flare.scared.Singapore,1
flare.scared.Casablanca,2
flare.scared.Alaska,2
flare.scared.Mumbai,1
flare.scared.Adelaide,1
flare.scared.Greenland,2
flare.scared.Paris,1
flare.scared.Dublin,2
flare.scared.MidwayIsland,1
flare.scared.UTC,1
flare.scared.Edinburgh,2
flare.scared.Tokyo,1
flare.scared.Santiago,1
flare.scared.Beijing,1
flare.scared.KualaLumpur,2
flare.scared.HongKong,1
flare.scared.Madrid,1
flare.scared.Rome,2
flare.scared.America/Los_Angeles,1
flare.scared.Europe/London,1
flare.scared.Quito,5
flare.scared.Perth,1
flare.scared.America/Vancouver,1
flare.scared.Tehran,1
flare.notgood,
flare.notgood.PacificTime(US&Canada),20
flare.notgood.Quito,5
flare.notgood.InternationalDateLineWest,1
flare.notgood.EasternTime(US&Canada),17
flare.notgood.London,13
flare.notgood.Casablanca,1
flare.notgood.CentralTime(US&Canada),6
flare.notgood.Dublin,1
flare.notgood.Tehran,1
flare.notgood.MexicoCity,1
flare.notgood.KualaLumpur,1
flare.notgood.Arizona,2
flare.notgood.Zagreb,1
flare.notgood.AtlanticTime(Canada),4
flare.notgood.Helsinki,1
flare.notgood.America/Chicago,2
flare.notgood.Alaska,1
flare.notgood.Indiana(East),1
flare.notgood.MountainTime(US&Canada),3
flare.notgood.Sydney,1
flare.notgood.Amsterdam,1
flare.notgood.America/Resolute,1
flare.notgood.Chennai,1
flare.notgood.Saskatchewan,1
flare.notgood.Africa/Lagos,1
flare.afraid,
flare.afraid.PacificTime(US&Canada),53
flare.afraid.Athens,3
flare.afraid.EasternTime(US&Canada),13
flare.afraid.London,6
flare.afraid.Bern,1
flare.afraid.WestCentralAfrica,1
flare.afraid.CentralTime(US&Canada),22
flare.afraid.Greenland,3
flare.afraid.NewDelhi,3
flare.afraid.Brasilia,1
flare.afraid.Santiago,1
flare.afraid.Paris,1
flare.afraid.Asia/Kolkata,2
flare.afraid.Jerusalem,1
flare.afraid.Hawaii,2
flare.afraid.Arizona,1
flare.afraid.Chennai,2
flare.afraid.Tokyo,1
flare.afraid.Harare,1
flare.afraid.Amsterdam,1
flare.afraid.Helsinki,1
flare.afraid.Urumqi,1
flare.afraid.Perth,1
flare.afraid.America/Chicago,1
flare.unhappy,
flare.unhappy.PacificTime(US&Canada),14
flare.unhappy.London,8
flare.unhappy.Hawaii,1
flare.unhappy.Amsterdam,3
flare.unhappy.EasternTime(US&Canada),7
flare.unhappy.CentralTime(US&Canada),11
flare.unhappy.NewDelhi,2
flare.unhappy.Arizona,1
flare.unhappy.AtlanticTime(Canada),1
flare.unhappy.Cairo,1
flare.unhappy.Edinburgh,1
flare.unhappy.Quito,1
flare.unhappy.Karachi,2
flare.unhappy.Casablanca,1
flare.unhappy.Beijing,1
flare.unhappy.Islamabad,2
flare.unhappy.MexicoCity,1
flare.unhappy.Alaska,1
flare.unhappy.Sydney,1
flare.unhappy.Mumbai,1
flare.hateful,
flare.hateful.InternationalDateLineWest,1
flare.hateful.CentralTime(US&Canada),12
flare.hateful.AtlanticTime(Canada),4
flare.hateful.London,3
flare.hateful.Amsterdam,2
flare.hateful.Dublin,1
flare.hateful.PacificTime(US&Canada),11
flare.hateful.EasternTime(US&Canada),15
flare.hateful.Tehran,1
flare.hateful.Jakarta,1
flare.hateful.America/Detroit,1
flare.hateful.CentralAmerica,1
flare.hateful.Hawaii,1
flare.hateful.Quito,1
flare.terrified,
flare.terrified.CentralTime(US&Canada),1
flare.terrified.Amsterdam,1
flare.terrified.PacificTime(US&Canada),4
flare.terrified.EasternTime(US&Canada),3
flare.terrified.Alaska,1
flare.terrified.Adelaide,1
flare.terrified.Arizona,1
flare.terrified.Hawaii,1
flare.terrified.Tokyo,1
flare.terrified.UTC,1
flare.terrified.KualaLumpur,1
flare.terrified.America/Sao_Paulo,1
flare.terrified.AtlanticTime(Canada),1
